id,Zconservrepub,scicomp_i,GWRISK,NUKERISK
1,0.3006105,0.3729,6,4
2,0.3006105,0.1964,0,5
3,0.51337514,-0.6303,1,4
4,0.04450736,0.888,3,3
5,1.2383461,1.4154,0,7
6,0.76947828,0.3864,1,4
7,0.55671364,0.8849,2,2
8,1.0255814,0.8721,5,4
9,0.3006105,-0.5741,6,6
10,0.81281678,-0.2605,6,6
11,0.72613978,-1.742,,
12,0.76947828,-0.1718,0,3
13,0.04450736,-0.6628,4,2
14,0.55671364,-0.9054,6,7
15,0.47003664,-0.8899,6,6
16,1.7505523,-1.2898,4,7
17,1.2383461,0.1754,4,5
18,0.76947828,0.8111,4,1
19,1.7505523,-0.0928,2,5
20,1.0255814,-1.0907,4,7
21,0.04450736,0.4001,5,5
22,0.04450736,2.074,3,2
23,0.76947828,1.2609,1,6
24,1.2816846,0.8548,2,1
25,1.7505523,-0.5615,0,7
26,0.2139335,-1.5233,4,4
27,0.55671364,0.7144,5,4
28,1.2816846,-0.4469,0,0
29,1.2383461,-0.6543,1,4
30,0.3006105,-1.1623,7,6
31,0.47003664,0.036,2,6
32,0.3006105,-0.2574,3,2
33,0.55671364,1.3021,4,3
34,1.2816846,0.3945,2,3
35,0.76947828,2.074,1,1
36,0.98224292,-0.0481,0,5
37,1.2383461,1.0605,0,1
38,1.0255814,-1.8515,4,6
39,1.7505523,-0.2702,2,7
40,1.0255814,-0.3946,4,5
41,0.2139335,-2.4604,1,4
42,0.3006105,-0.1944,3,4
43,1.2816846,0.6508,1,2
44,0.55671364,0.2458,5,4
45,1.0255814,-0.4722,2,1
46,0.76947828,0.2829,0,3
47,1.2816846,0.9476,1,2
48,0.3006105,2.074,3,1
49,1.7505523,-0.3229,1,4
50,1.7505523,-0.1023,4,2
51,0.3006105,-1.0876,4,5
52,0.51337514,-0.3853,4,5
53,0.76947828,-0.1513,1,1
54,1.7505523,-0.0123,3,1
55,1.7505523,-0.5547,1,1
56,0.04450736,-0.0079,2,4
57,0.76947828,1.4099,2,3
58,1.7505523,-0.9062,5,6
59,1.0255814,-0.4761,1,1
60,0.2139335,-1.2742,6,7
61,0.04450736,-1.3179,7,7
62,1.0255814,-0.1955,5,2
63,1.0255814,0.9494,3,7
64,0.08784585,1.1379,6,0
65,1.7505523,-0.6419,0,0
66,1.0255814,-0.8444,0,6
67,0.55671364,1.5255,5,1
68,0.55671364,1.5773,6,3
69,0.51337514,1.1379,0,1
70,0.55671364,0.0161,4,6
71,1.7505523,-0.267,0,3
72,0.04450736,0.0639,4,5
73,1.2816846,0.7923,1,3
74,0.04450736,-1.033,6,
75,0.04450736,0.9819,2,6
76,0.76947828,0.7661,0,2
77,0.04450736,1.6655,0,4
78,1.0255814,0.7158,6,7
79,1.2383461,2.074,1,4
80,0.76947828,-0.538,3,5
81,1.2816846,-0.3808,2,5
82,0.04450736,0.6692,3,1
83,0.76947828,0.044,3,7
84,1.0255814,0.6282,2,3
85,0.98224292,-0.9834,0,3
86,0.04450736,-0.58,3,7
87,0.2139335,-1.9783,3,6
88,1.0255814,1.0283,2,2
89,1.7505523,-0.2331,0,2
90,1.2816846,0.8111,5,1
91,0.98224292,-0.362,0,2
92,1.0255814,-0.1065,0,2
93,0.76947828,0.8712,0,1
94,1.0255814,-0.4767,3,3
95,0.04450736,0.4584,5,4
96,1.7505523,-1.021,1,1
97,0.04450736,-0.8149,3,5
98,0.55671364,1.6509,5,3
99,0.51337514,-0.1927,4,
100,1.0255814,-0.1544,3,4
101,1.0255814,-0.02,2,5
102,1.0255814,0.6692,5,6
103,1.2816846,0.6996,2,4
104,0.51337514,-1.5572,2,4
105,1.4944492,1.3598,0,2
106,1.2816846,0.9152,5,4
107,0.55671364,-0.7627,5,2
108,1.7505523,0.9025,2,1
109,1.7505523,0.9225,5,4
110,0.51337514,-0.2258,7,5
111,1.7505523,0.6657,0,2
112,1.7505523,-0.2021,0,2
113,1.2816846,-0.3838,0,4
114,1.2816846,-0.3564,1,1
115,0.51337514,-0.6164,6,6
116,1.0255814,-0.8241,2,7
117,1.2383461,0.4646,1,2
118,1.2816846,0.5872,1,1
119,1.0255814,1.3908,2,4
120,1.2816846,-0.0538,2,7
121,1.2816846,0.9986,1,2
122,0.04450736,-2.0514,,5
123,1.0255814,-0.9284,2,2
124,1.2816846,0.7323,2,4
125,0.3006105,-0.2101,1,6
126,0.98224292,0.9986,4,2
127,0.3006105,0.7411,4,6
128,0.55671364,0.4803,1,6
129,0.98224292,0.5899,1,1
130,1.7505523,0.9908,1,2
131,1.7505523,0.1985,1,3
132,0.55671364,-1.2448,3,7
133,0.55671364,0.9124,7,3
134,0.04450736,1.5887,4,2
135,0.76947828,2.3422,2,1
136,0.04450736,-0.6991,2,3
137,0.04450736,0.3268,4,4
138,1.2816846,-0.7468,5,3
139,0.76947828,0.0204,1,2
140,0.81281678,0.8659,3,3
141,0.04450736,1.3093,2,4
142,0.51337514,-1.9618,4,6
143,1.7505523,-1.7397,3,4
144,0.04450736,0.4439,5,7
145,1.7505523,0.4001,2,3
146,0.76947828,0.2259,1,3
147,0.47003664,-1.2771,3,6
148,0.3006105,-0.6957,7,6
149,0.76947828,1.6983,0,7
150,1.7505523,-0.9745,7,7
151,0.51337514,0.308,6,7
152,1.0255814,-0.5721,0,6
153,0.76947828,-0.5336,0,3
154,0.04450736,-0.2187,6,7
155,0.2139335,-1.0767,3,2
156,1.0255814,-0.2286,1,1
157,0.51337514,-1.3149,3,5
158,0.76947828,-0.258,0,1
159,0.51337514,-0.4617,7,5
160,0.98224292,0.5136,5,7
161,1.0255814,1.3913,5,2
162,0.04450736,0.1649,6,1
163,1.0255814,0.2694,3,6
164,0.04450736,2.074,4,4
165,1.7505523,-0.1376,1,2
166,0.51337514,-0.2043,3,2
167,0.76947828,-0.0851,1,2
168,1.7505523,-1.2024,3,4
169,0.04450736,0.0088,3,7
170,0.04450736,-1.0802,7,7
171,1.2816846,-0.275,4,2
172,0.76947828,0.3925,1,1
173,0.04450736,0.6219,4,5
174,0.51337514,0.1571,1,4
175,1.0255814,0.6056,1,1
176,0.55671364,0.6692,5,5
177,0.2139335,-1.1701,2,4
178,1.7505523,0.0195,4,5
179,0.76947828,0.0406,1,5
180,0.76947828,-0.6038,0,3
181,0.51337514,-1.0329,0,
182,1.2816846,0.421,0,4
183,1.7505523,1.1458,2,3
184,0.04450736,-0.8121,6,7
185,1.7505523,0.4312,5,2
186,0.76947828,0.4432,2,3
187,0.04450736,-0.2043,2,7
188,0.55671364,-1.1495,3,7
189,1.2383461,1.2525,0,1
190,0.47003664,-0.4094,6,6
191,0.2139335,-0.538,0,7
192,0.3006105,2.074,3,2
193,1.7505523,-0.436,1,6
194,0.04450736,1.6983,7,2
195,1.7505523,0.0204,6,2
196,1.7505523,1.6983,2,3
197,1.7505523,-0.2573,2,4
198,0.04450736,1.2884,3,2
199,1.0255814,-0.9691,2,7
200,1.7505523,0.075,1,1
201,1.7505523,-0.3838,1,2
202,0.76947828,1.1458,4,2
203,1.2816846,0.075,6,5
204,1.0255814,-1.7563,1,3
205,1.0255814,-0.8884,7,5
206,0.76947828,0.4704,2,3
207,0.51337514,1.2983,4,1
208,0.04450736,-0.5726,6,1
209,1.2816846,-0.2196,2,5
210,0.76947828,1.6267,2,4
211,0.51337514,-0.7077,7,5
212,1.2816846,1.3009,5,3
213,1.7505523,1.6796,4,7
214,0.55671364,1.4929,5,4
215,1.2816846,-0.6561,1,4
216,1.2816846,1.5255,1,4
217,0.51337514,0.2748,1,1
218,1.0255814,1.6031,1,2
219,1.7505523,0.3132,0,2
220,0.98224292,0.3581,1,0
221,1.2383461,1.9115,0,4
222,0.04450736,1.5788,2,3
223,1.0255814,0.3415,0,1
224,0.04450736,0.2222,4,3
225,1.7505523,1.3021,1,2
226,1.7505523,-0.2299,0,1
227,0.04450736,-0.184,3,4
228,0.98224292,-0.0469,3,6
229,0.55671364,-0.7077,3,3
230,0.3006105,-0.471,3,4
231,0.3006105,-0.37,0,5
232,1.2816846,0.2968,0,3
233,0.98224292,-1.7761,4,3
234,0.04450736,0.2569,4,4
235,1.2816846,1.1316,1,2
236,1.2816846,-0.0972,0,6
237,0.76947828,0.3163,1,4
238,0.76947828,1.099,1,2
239,1.4944492,0.8165,1,3
240,1.7505523,0.1893,4,5
241,1.2816846,0.5195,0,7
242,1.7505523,0.2434,3,1
243,1.7505523,0.6558,1,4
244,1.7505523,-2.092,,6
245,0.81281678,0.2259,4,2
246,0.04450736,-0.7894,0,6
247,0.81281678,0.8379,3,4
248,1.7505523,1.1095,0,1
249,1.7505523,-0.1844,0,4
250,1.7505523,0.672,0,1
251,0.3006105,2.0705,1,2
252,0.08784585,-0.335,5,5
253,0.04450736,-0.2043,3,7
254,0.98224292,-0.5779,0,4
255,1.4944492,-0.177,0,7
256,1.7505523,-0.4872,1,3
257,1.2383461,1.3021,4,5
258,1.2816846,-0.1514,1,3
259,1.7505523,-0.3061,1,7
260,0.76947828,0.7559,2,4
261,1.0255814,-0.0664,3,4
262,0.04450736,0.0429,3,2
263,0.81281678,-0.0425,2,1
264,1.7505523,0.0316,4,2
265,1.2816846,2.3422,2,1
266,1.0255814,-0.3808,6,7
267,1.7505523,-0.4722,0,2
268,1.2383461,-0.017,0,5
269,0.3006105,-0.2151,1,1
270,1.7505523,1.3021,3,3
271,1.0255814,-1.3694,5,7
272,1.7505523,-0.0573,2,3
273,0.98224292,-0.8654,1,6
274,0.51337514,-0.4702,4,4
275,0.04450736,0.1173,6,3
276,0.98224292,0.2811,1,1
277,0.04450736,-0.27,7,6
278,0.51337514,-0.1844,4,3
279,0.04450736,1.7102,5,5
280,1.2816846,0.4644,3,5
281,1.2383461,-0.5387,1,1
282,0.51337514,-0.5647,1,5
283,0.04450736,0.2368,0,2
284,1.2816846,-0.5887,2,4
285,1.7505523,0.1649,3,5
286,1.2816846,2.074,6,1
287,0.04450736,1.214,3,1
288,0.3006105,-1.2297,7,4
289,1.7505523,-0.7681,2,4
290,1.2383461,-0.8808,1,3
291,1.2816846,0.6692,4,3
292,1.7505523,0.2829,2,2
293,1.7505523,0.1139,1,4
294,1.2816846,-0.4248,3,7
295,1.0255814,0.8415,2,2
296,0.51337514,-1.5644,5,5
297,1.0255814,-0.2196,1,4
298,1.2816846,-0.0925,0,3
299,1.0255814,-0.3086,3,4
300,0.76947828,-0.6761,1,3
301,1.2816846,-0.9237,2,7
302,0.76947828,0.1814,2,3
303,0.3006105,-0.719,3,7
304,0.72613978,-0.8731,7,0
305,1.2816846,1.3021,4,3
306,1.2816846,1.0174,3,5
307,1.7505523,0.5422,2,1
308,0.76947828,0.2794,3,4
309,0.2139335,-0.8141,6,7
310,0.08784585,1.775,4,4
311,0.76947828,1.0612,4,7
312,0.76947828,0.502,2,3
313,0.51337514,-0.2573,1,1
314,0.04450736,0.5913,4,5
315,1.0255814,0.3791,1,2
316,0.04450736,1.1196,6,4
317,0.04450736,-0.5182,3,7
318,0.76947828,-0.6474,7,7
319,0.51337514,-0.7308,0,1
320,0.51337514,-0.6,3,4
321,0.3006105,1.5255,6,2
322,1.2816846,-0.8654,4,4
323,1.0255814,0.1321,4,5
324,1.7505523,0.0429,7,5
325,1.0255814,2.3422,3,2
326,1.7505523,0.4442,1,1
327,1.7505523,0.278,0,1
328,0.257272,-0.0687,6,5
329,0.3006105,-0.9568,3,3
330,0.51337514,0.347,6,4
331,0.257272,-0.1911,3,6
332,1.2816846,-0.2666,2,3
333,1.2816846,-1.5727,3,4
334,0.04450736,0.5617,2,2
335,1.7505523,-0.8867,2,
336,1.0255814,-0.3815,1,3
337,1.2816846,-0.3886,4,3
338,0.98224292,-0.1703,6,2
339,0.51337514,-0.8503,5,7
340,0.04450736,1.214,6,4
341,1.7505523,0.0333,2,4
342,0.76947828,1.6983,2,2
343,1.2816846,0.1867,3,6
344,0.98224292,-0.7618,3,3
345,0.04450736,-0.0479,6,7
346,1.0255814,-0.2286,1,4
347,1.2816846,1.6983,2,3
348,1.2816846,-0.9951,1,5
349,1.7505523,0.7178,0,3
350,1.2383461,0.2924,0,3
351,0.04450736,1.4099,6,3
352,1.7505523,1.214,2,2
353,1.2816846,-0.502,2,6
354,0.76947828,2.3422,4,1
355,0.51337514,0.9155,1,6
356,0.2139335,-1.2238,4,4
357,0.51337514,-1.8258,2,7
358,0.81281678,-1.9483,1,2
359,0.3006105,2.3422,1,3
360,1.7505523,-0.9036,0,1
361,0.81281678,-0.8282,3,6
362,0.04450736,0.8611,3,4
363,1.4944492,-0.8375,0,4
364,1.0255814,0.2003,2,2
365,1.2816846,1.3524,4,4
366,0.55671364,0.2452,1,5
367,1.0255814,-2.4604,3,6
368,0.76947828,0.4295,1,4
369,1.7505523,-0.2757,3,5
370,0.76947828,0.9986,2,2
371,1.7505523,-0.1795,0,3
372,0.2139335,-1.9269,7,7
373,0.2139335,-0.6213,7,7
374,1.7505523,1.7219,0,3
375,1.2383461,-0.6761,0,7
376,1.4944492,0.11,0,2
377,0.55671364,-0.5899,2,7
378,0.04450736,1.4453,4,5
379,1.4944492,-0.7446,0,4
380,1.2816846,0.0204,0,4
381,1.0255814,0.5009,3,5
382,0.3006105,-0.9481,,7
383,0.3006105,1.6954,7,4
384,1.7505523,1.1525,3,4
385,1.7505523,-0.856,0,6
386,1.2816846,-1.0122,,3
387,0.51337514,-0.2663,1,3
388,0.04450736,1.9115,4,2
389,1.0255814,-0.0245,2,3
390,1.2816846,-0.7313,3,4
391,0.51337514,-0.8724,0,2
392,0.08784585,-0.8218,7,3
393,0.98224292,-1.0811,0,7
394,1.7505523,0.4105,1,3
395,1.2816846,-0.084,2,5
396,0.04450736,1.3226,4,5
397,0.04450736,1.3252,7,5
398,1.0255814,0.1632,2,1
399,0.76947828,2.3422,7,1
400,1.2816846,0.1357,0,1
401,1.0255814,0.075,1,3
402,1.0255814,-0.3382,5,6
403,1.0255814,-1.1507,6,6
404,0.51337514,0.4034,4,4
405,0.76947828,0.6454,0,2
406,0.55671364,-1.1499,5,7
407,1.0255814,-0.2932,3,6
408,0.2139335,-0.5696,6,6
409,1.0255814,-0.1929,3,5
410,1.2816846,-0.2222,4,6
411,1.2383461,-0.1654,0,0
412,1.2816846,0.5383,4,2
413,0.04450736,0.9253,5,2
414,0.55671364,0.0648,4,2
415,0.04450736,1.9115,4,4
416,0.51337514,-0.9436,2,2
417,1.2816846,0.4026,2,3
418,0.3006105,-0.624,1,1
419,0.3006105,1.2257,3,5
420,0.81281678,-0.8336,7,7
421,1.2816846,-0.4352,4,3
422,1.2816846,-0.01,0,2
423,0.04450736,-0.806,6,7
424,0.3006105,-0.94,7,7
425,0.98224292,-0.6223,0,4
426,0.55671364,-0.6512,3,2
427,1.7505523,0.2259,7,7
428,0.51337514,1.099,2,4
429,0.76947828,-0.0928,0,1
430,0.98224292,1.1063,2,4
431,0.3006105,1.5255,4,6
432,0.76947828,-0.6302,0,7
433,1.2383461,2.0705,1,3
434,1.2816846,-1.0976,3,2
435,1.2816846,0.3757,0,2
436,0.51337514,-0.1693,0,7
437,1.2383461,0.7715,0,6
438,0.76947828,1.9115,0,1
439,0.76947828,-0.2901,5,1
440,0.51337514,-0.7429,0,6
441,1.2816846,-1.5566,2,3
442,0.51337514,0.7156,4,6
443,1.0255814,-0.0374,2,4
444,1.7505523,0.2948,4,4
445,1.2816846,-0.4531,7,5
446,0.3006105,0.2583,0,4
447,1.2383461,1.3252,5,4
448,1.2383461,-0.2328,2,6
449,1.2816846,-0.2612,0,3
450,0.76947828,1.4543,1,1
451,1.2816846,1.0626,0,1
452,0.04450736,1.4543,4,4
453,1.7505523,-0.9961,0,3
454,1.7505523,-0.3242,0,2
455,1.2383461,1.0605,0,2
456,1.2816846,1.3021,1,2
457,0.76947828,-0.0031,1,1
458,1.0255814,1.1458,0,1
459,0.04450736,-0.3318,2,7
460,0.51337514,1.5472,0,2
461,0.72613978,-0.9011,3,3
462,0.55671364,1.5255,5,2
463,0.81281678,0.5338,3,3
464,0.51337514,-0.13,2,2
465,0.04450736,-0.1184,3,3
466,1.7505523,-0.5726,4,7
467,0.81281678,-0.5542,6,2
468,0.51337514,0.6692,1,3
469,1.2816846,0.8467,3,1
470,0.47003664,-0.8615,0,7
471,1.7505523,0.2694,1,4
472,0.3006105,1.3448,2,1
473,1.0255814,0.8111,4,3
474,1.7505523,0.7474,2,6
475,1.7505523,1.5335,4,1
476,0.04450736,1.3802,7,4
477,0.257272,0.1927,6,6
478,1.2816846,0.0266,2,2
479,0.3006105,0.8548,4,3
480,0.04450736,1.5255,1,1
481,1.7505523,0.4873,0,2
482,1.0255814,-1.9015,5,7
483,1.2816846,-0.5934,3,4
484,1.0255814,-0.9067,2,4
485,0.3006105,0.1503,7,7
486,1.7505523,0.0341,4,5
487,0.3006105,-0.2414,3,5
488,0.98224292,-0.4496,0,1
489,1.2816846,0.3275,4,4
490,0.04450736,-2.4604,,
491,1.2816846,-1.6863,0,4
492,1.7505523,0.7981,1,5
493,1.2816846,-0.5399,0,6
494,1.0255814,0.2222,0,3
495,0.76947828,1.4154,0,2
496,0.04450736,-0.3664,3,7
497,0.51337514,0.8111,0,1
498,1.0255814,0.9986,0,4
499,1.2816846,0.4126,4,3
500,1.2816846,-0.1545,2,2
501,0.76947828,0.1649,6,7
502,1.2816846,1.805,4,4
503,0.55671364,1.6983,5,3
504,1.4944492,-1.0684,0,2
505,0.04450736,-0.3095,3,6
506,0.51337514,0.6692,1,4
507,0.98224292,-0.9008,7,7
508,0.3006105,-0.5555,4,3
509,1.0255814,0.0037,3,5
510,1.0255814,1.861,1,2
511,0.76947828,-0.4963,2,2
512,1.2816846,-0.3111,0,1
513,1.0255814,-0.5195,1,3
514,1.2816846,-0.3061,0,6
515,1.7505523,0.9954,0,1
516,0.2139335,-0.3564,7,7
517,1.0255814,1.1784,7,4
518,0.04450736,1.9115,2,
519,1.2816846,-0.8297,2,3
520,0.51337514,0.4439,2,7
521,1.7505523,-0.0432,1,1
522,0.3006105,-0.168,5,4
523,1.0255814,-0.0664,4,4
524,0.98224292,0.2092,0,1
525,0.04450736,-1.7221,6,4
526,1.7505523,-0.3363,0,7
527,1.2816846,-1.5433,,6
528,1.2816846,0.6382,2,2
529,1.0255814,0.8111,6,5
530,1.0255814,-0.4881,0,5
531,0.76947828,0.8698,0,1
532,0.76947828,0.9798,1,4
533,1.7505523,0.6605,2,2
534,0.76947828,1.5255,6,0
535,0.76947828,0.5457,1,2
536,0.47003664,-0.8154,0,7
537,1.7505523,-0.3853,0,2
538,0.76947828,-1.0516,0,1
539,1.2816846,-0.1325,1,6
540,0.04450736,0.3399,2,6
541,0.76947828,0.3146,1,1
542,0.51337514,-1.261,7,7
543,0.76947828,0.5239,3,3
544,0.3006105,-0.2564,1,4
545,0.47003664,-0.9852,3,7
546,1.2383461,1.5472,1,1
547,0.04450736,0.4679,4,3
548,0.04450736,-1.0161,5,7
549,1.0255814,-0.6866,5,5
550,0.2139335,-1.4605,7,3
551,0.51337514,0.2811,2,2
552,1.7505523,-1.4587,1,1
553,1.0255814,0.9507,5,5
554,0.51337514,-0.4895,4,5
555,0.3006105,1.5335,1,1
556,0.81281678,-0.7983,0,7
557,0.47003664,-0.2232,5,7
558,1.2816846,-0.1364,0,3
559,1.2816846,-0.669,5,7
560,0.76947828,-0.1545,0,1
561,1.2816846,0.8698,2,4
562,0.76947828,0.8174,1,2
563,0.76947828,0.8108,3,3
564,0.2139335,-1.2346,0,7
565,1.2816846,-0.5791,0,3
566,1.2816846,-0.3496,1,1
567,1.7505523,0.8313,0,1
568,0.76947828,0.7323,0,2
569,1.7505523,0.3135,7,3
570,0.76947828,-0.6706,2,3
571,0.55671364,0.6692,2,4
572,1.0255814,1.3021,2,3
573,0.04450736,1.0283,4,5
574,0.76947828,1.6983,2,4
575,1.0255814,0.3863,1,1
576,0.2139335,-0.2834,2,7
577,0.08784585,0.0564,4,6
578,1.7505523,1.0487,0,3
579,1.0255814,0.1964,3,7
580,0.76947828,1.4001,2,4
581,1.7505523,0.514,3,0
582,0.55671364,0.4001,1,1
583,0.76947828,1.214,2,7
584,0.51337514,0.1927,1,5
585,1.2383461,-0.1529,0,3
586,0.04450736,1.0174,7,4
587,1.7505523,-0.1444,2,4
588,1.2383461,0.4001,0,1
589,1.7505523,0.2702,0,3
590,0.81281678,-1.0793,4,6
591,1.2816846,-1.257,1,7
592,1.0255814,0.9734,2,1
593,1.0255814,0.2707,3,3
594,0.04450736,0.2006,2,4
595,0.04450736,0.7323,5,6
596,0.76947828,0.2368,2,3
597,1.2383461,-0.6543,1,2
598,0.04450736,-0.8218,6,4
599,0.98224292,0.2006,0,1
600,1.7505523,0.4439,0,6
601,0.04450736,1.6983,6,7
602,0.76947828,1.5947,5,2
603,1.0255814,-0.4961,3,4
604,0.51337514,0.0429,0,2
605,0.04450736,0.8548,2,6
606,0.81281678,-0.676,3,7
607,1.2816846,-0.3479,2,4
608,1.2816846,0.3646,1,2
609,1.0255814,-0.6295,2,3
610,0.04450736,1.3021,6,5
611,1.7505523,-0.5002,3,5
612,1.2816846,0.6894,1,
613,1.4944492,0.258,0,1
614,1.2816846,0.4739,0,1
615,1.0255814,0.6456,2,3
616,1.0255814,0.2966,4,4
617,0.04450736,-0.1351,6,6
618,0.3006105,-0.023,3,2
619,0.3006105,0.4051,2,4
620,0.81281678,0.8603,0,3
621,1.0255814,-1.3391,0,1
622,1.0255814,-0.4767,7,5
623,0.76947828,0.9476,0,5
624,0.98224292,-0.319,7,7
625,1.2816846,-0.4545,3,4
626,1.2383461,1.1296,1,2
627,1.7505523,-0.7334,2,1
628,1.7505523,1.0626,1,5
629,0.98224292,1.0174,0,0
630,0.76947828,0.371,1,2
631,1.7505523,2.3422,0,1
632,0.04450736,-0.3261,6,5
633,0.04450736,-1.3087,3,4
634,1.2816846,0.2829,2,3
635,1.0255814,-0.0917,5,5
636,0.51337514,-1.4901,3,6
637,0.51337514,-0.659,3,3
638,0.04450736,1.6955,1,2
639,1.2816846,0.077,0,1
640,1.0255814,2.3422,3,3
641,1.2383461,2.3422,0,2
642,1.0255814,0.6074,4,6
643,1.2383461,1.4154,1,3
644,1.0255814,-0.7516,3,1
645,1.0255814,1.3524,1,5
646,0.98224292,-0.3867,0,4
647,1.0255814,-1.3337,0,2
648,0.76947828,-2.1089,,3
649,1.2383461,0.1506,2,2
650,1.4944492,-1.1996,7,7
651,0.04450736,-0.5271,3,5
652,1.7505523,0.8698,3,7
653,1.0255814,0.6801,0,1
654,0.08784585,-1.5658,2,7
655,0.76947828,0.9749,3,3
656,0.51337514,0.5565,5,3
657,1.0255814,-0.005,1,2
658,0.3006105,-0.5282,5,2
659,0.3006105,0.0143,3,6
660,1.0255814,-0.4835,0,1
661,0.3006105,1.3524,4,4
662,0.04450736,2.3422,5,2
663,0.04450736,0.4397,3,4
664,1.0255814,1.295,0,5
665,0.04450736,-0.4469,4,5
666,0.81281678,1.3574,0,2
667,1.4944492,-0.0987,0,4
668,0.04450736,0.459,7,5
669,0.04450736,0.0273,2,4
670,1.0255814,0.8206,2,2
671,1.0255814,-1.5554,1,1
672,1.7505523,-0.4741,0,5
673,1.7505523,1.1436,1,2
674,1.7505523,-0.3789,1,4
675,0.04450736,-0.4401,3,4
676,0.04450736,0.5899,4,6
677,1.0255814,0.8548,0,3
678,0.04450736,0.2031,4,5
679,1.2816846,-1.8515,3,0
680,1.2816846,0.1901,2,6
681,1.2816846,0.2355,1,4
682,0.55671364,-0.3291,6,4
683,0.55671364,-0.1042,4,6
684,0.76947828,1.3211,3,3
685,1.2383461,1.3021,2,2
686,1.7505523,1.0868,0,1
687,1.2383461,0.3275,0,1
688,1.7505523,0.5899,2,1
689,0.51337514,0.8598,1,4
690,0.51337514,0.4761,1,7
691,1.7505523,-0.5327,0,2
692,0.81281678,-0.2219,7,7
693,1.4944492,-0.5791,1,1
694,1.7505523,1.9115,0,0
695,1.7505523,-0.4953,0,1
696,1.7505523,-0.7446,1,6
697,1.2816846,-1.3728,3,1
698,0.04450736,-0.4176,1,3
699,0.04450736,0.8706,6,7
700,1.7505523,1.0626,0,0
701,1.2383461,-0.3229,2,2
702,0.04450736,-0.867,6,7
703,1.0255814,-0.3777,0,1
704,0.04450736,1.3598,5,4
705,0.55671364,-0.8196,4,5
706,0.51337514,0.6219,1,1
707,0.55671364,0.0295,0,2
708,1.2816846,-0.3571,0,2
709,0.3006105,0.4001,3,3
710,0.04450736,1.0626,4,5
711,0.04450736,-0.226,7,3
712,0.04450736,1.1208,3,4
713,0.51337514,-1.9243,2,3
714,0.04450736,-0.3472,6,4
715,0.51337514,-0.2242,0,5
716,1.2816846,1.9115,2,5
717,0.04450736,-1.272,3,3
718,0.76947828,0.7323,0,2
719,0.98224292,0.8935,0,4
720,0.76947828,1.6378,3,3
721,0.81281678,-0.9188,5,3
722,0.04450736,-1.4159,0,6
723,0.04450736,-0.795,6,7
724,1.7505523,1.3582,0,1
725,1.0255814,0.6692,2,1
726,0.04450736,-1.1706,3,7
727,1.7505523,-0.7305,0,2
728,0.04450736,-0.2176,4,3
729,0.98224292,2.3422,5,6
730,0.08784585,0.0161,4,3
731,1.7505523,-1.2981,1,3
732,1.7505523,1.6983,1,2
733,0.04450736,-0.0399,3,6
734,1.7505523,0.4761,2,1
735,1.0255814,-2.0514,2,4
736,0.04450736,-1.3119,3,6
737,1.2816846,0.3757,0,2
738,0.55671364,-0.1281,4,3
739,0.04450736,-0.2127,5,5
740,1.0255814,1.3093,2,2
741,1.2383461,-0.6069,1,6
742,1.7505523,1.861,1,1
743,0.04450736,-1.5265,3,7
744,0.51337514,-0.4417,5,0
745,0.04450736,0.6657,6,2
746,0.76947828,2.074,2,3
747,0.04450736,0.6047,0,2
748,1.2816846,0.7612,4,1
749,0.04450736,1.0018,6,5
750,0.76947828,2.3422,2,1
751,1.2816846,-0.8,7,7
752,1.0255814,-0.9015,1,3
753,0.04450736,0.3511,5,6
754,0.04450736,0.8603,5,5
755,0.04450736,0.3409,7,7
756,1.2383461,1.1781,1,3
757,1.2816846,-0.031,1,2
758,0.2139335,-1.2484,2,4
759,1.2816846,0.5778,0,4
760,0.55671364,0.1649,4,5
761,0.76947828,-0.8016,0,2
762,0.04450736,0.0273,2,3
763,1.0255814,-0.1546,2,7
764,0.51337514,-0.5553,6,6
765,0.04450736,1.2596,1,2
766,1.4944492,0.8169,2,2
767,0.04450736,0.8685,3,2
768,1.0255814,0.6823,1,5
769,0.2139335,-0.4741,1,7
770,1.2816846,-0.6085,3,5
771,0.04450736,-0.2673,1,2
772,0.3006105,-1.7071,6,7
773,1.2816846,0.4001,1,3
774,0.04450736,-0.2045,4,5
775,1.7505523,1.0959,2,1
776,0.2139335,-0.2293,7,7
777,1.7505523,-0.2686,1,3
778,1.2816846,-0.7381,1,2
779,0.51337514,-0.6795,3,3
780,0.04450736,-0.168,4,6
781,0.76947828,-0.7976,0,3
782,0.51337514,-0.9566,4,6
783,0.04450736,-0.2941,0,1
784,0.04450736,1.1458,3,4
785,0.81281678,0.7579,4,4
786,1.2816846,-0.2599,0,2
787,1.7505523,-0.9691,0,6
788,1.7505523,-0.1125,0,2
789,0.343949,-0.7236,1,3
790,1.0255814,0.0171,0,1
791,0.98224292,0.347,3,5
792,0.04450736,0.9722,5,2
793,0.2139335,0.2829,4,6
794,1.2816846,-0.0469,3,3
795,1.7505523,0.0161,0,6
796,0.76947828,2.3422,0,0
797,0.98224292,-0.2759,2,2
798,1.2816846,1.3524,1,2
799,0.04450736,0.4302,7,6
800,0.76947828,0.1563,1,1
801,0.51337514,1.1329,1,2
802,0.51337514,-1.0212,3,3
803,0.04450736,0.8611,5,2
804,0.3006105,-1.7496,,2
805,1.0255814,-0.2057,7,4
806,1.0255814,-0.1528,4,5
807,0.04450736,0.7044,3,5
808,0.04450736,0.5572,4,7
809,0.47003664,0.0068,4,5
810,1.7505523,0.9838,0,2
811,0.81281678,-0.1016,3,3
812,1.0255814,0.9145,3,2
813,0.51337514,-1.5572,1,2
814,0.3006105,0.2707,4,0
815,0.04450736,0.1164,6,6
816,1.2383461,0.5769,1,1
817,1.4944492,1.6378,1,2
818,0.04450736,-0.3184,5,5
819,1.0255814,-0.3766,6,7
820,0.51337514,-1.1253,0,5
821,0.3006105,1.6278,5,
822,0.98224292,0.1985,5,4
823,1.2816846,0.1284,1,2
824,0.51337514,-0.6432,3,5
825,0.55671364,-0.2301,2,3
826,0.04450736,1.9115,7,6
827,0.76947828,-0.4087,0,4
828,0.04450736,0.2793,3,5
829,0.04450736,-0.357,4,4
830,1.7505523,-0.9465,3,4
831,0.55671364,0.7076,2,4
832,0.55671364,0.6508,1,5
833,1.2816846,0.4603,1,1
834,0.55671364,-0.7403,7,5
835,0.04450736,1.3524,1,2
836,1.2816846,-0.0425,1,5
837,0.04450736,0.4001,2,3
838,0.3006105,0.0171,1,2
839,1.7505523,-0.5469,6,3
840,1.2816846,-0.2644,4,7
841,1.0255814,-1.3512,0,0
842,1.2383461,0.7323,0,3
843,1.7505523,-1.021,2,6
844,0.55671364,1.5255,7,4
845,0.3006105,0.9476,1,2
846,1.7505523,-1.7153,0,7
847,0.04450736,0.2006,5,7
848,1.7505523,1.1036,1,3
849,0.04450736,1.1856,5,3
850,1.7505523,0.3511,0,4
851,1.7505523,0.5878,0,1
852,0.55671364,0.5738,1,1
853,1.2816846,-1.6105,3,3
854,1.0255814,0.7,4,7
855,1.2816846,-0.7723,1,6
856,1.0255814,-1.3316,0,2
857,0.04450736,2.3422,5,1
858,0.04450736,-0.7825,5,7
859,0.3006105,0.0422,0,1
860,1.2816846,0.9476,0,2
861,1.4944492,0.4001,4,3
862,0.76947828,0.7612,0,4
863,0.04450736,0.8732,6,6
864,0.257272,0.6325,5,7
865,0.04450736,-0.871,4,0
866,1.0255814,-0.1725,0,5
867,0.3006105,-0.4149,7,7
868,0.51337514,0.2807,1,2
869,0.343949,-1.3755,1,6
870,0.04450736,-0.4722,6,6
871,0.81281678,1.0918,4,7
872,0.76947828,-1.3274,1,3
873,1.7505523,-0.005,1,3
874,1.7505523,-0.8549,1,3
875,0.04450736,0.2031,3,6
876,0.51337514,0.5085,7,5
877,0.04450736,-0.4955,7,4
878,1.2816846,1.6954,2,1
879,0.04450736,0.2222,5,4
880,1.0255814,1.6983,3,2
881,1.2383461,0.0576,3,4
882,-0.93656671,0.1313,5,5
883,-1.1926699,0.0718,7,3
884,-1.6615376,0.8931,6,4
885,-0.68046357,1.5788,6,7
886,-0.46769893,-0.45,4,7
887,-0.46769893,0.0316,3,5
888,-0.72380207,-1.0655,7,7
889,-1.6615376,0.4255,7,6
890,-1.1926699,-0.01,5,2
891,-1.1926699,0.2751,7,3
892,-0.68046357,0.9082,5,2
893,-0.21159579,1.6983,5,3
894,-0.21159579,-0.2028,5,5
895,-0.93656671,-0.3184,5,7
896,-0.21159579,-0.207,7,7
897,-0.21159579,1.19,7,5
898,0.00116886,-1.9966,3,3
899,-0.93656671,1.6983,7,3
900,-0.68046357,1.0868,4,2
901,0.00116886,-0.3853,6,4
902,-0.93656671,-2.1127,7,
903,0.04450736,-0.6802,5,7
904,-0.68046357,2.3422,7,4
905,-0.93656671,-0.1477,6,6
906,-0.21159579,-0.1929,3,3
907,-1.1926699,-0.6016,4,5
908,-0.72380207,-0.9688,7,6
909,-0.46769893,-1.0064,5,7
910,-1.1926699,0.4242,7,3
911,-1.6615376,1.3226,6,6
912,-0.25493429,-0.5212,5,7
913,0.00116886,-0.4973,6,6
914,-1.1926699,0.618,5,4
915,-0.72380207,0.0054,4,7
916,-1.6615376,1.273,7,4
917,-1.1926699,-0.9354,3,3
918,-1.6615376,-1.2165,2,0
919,-0.89322821,1.3021,7,6
920,-0.46769893,-0.2666,2,3
921,-0.46769893,-0.8006,3,5
922,-0.25493429,-0.1042,4,6
923,-0.72380207,-1.2498,5,5
924,-0.46769893,-0.4469,3,1
925,-0.68046357,0.5104,6,7
926,-0.68046357,-0.8497,6,7
927,-1.1926699,1.1379,2,6
928,-1.6615376,0.0075,5,5
929,-1.1926699,0.2488,4,7
930,-1.6615376,0.4473,7,6
931,-0.72380207,-1.419,3,3
932,-1.1926699,-0.015,3,6
933,-0.93656671,-0.8329,5,3
934,-0.72380207,-0.5821,4,7
935,-0.46769893,-0.1485,6,2
936,-0.68046357,0.5617,7,7
937,-0.46769893,0.0806,7,2
938,-0.46769893,0.3622,4,7
939,-0.72380207,0.1649,7,7
940,-0.72380207,0.0706,5,6
941,-1.6615376,-0.911,5,7
942,-0.68046357,1.1444,7,4
943,-0.42436043,-0.1586,6,7
944,-0.25493429,-1.5644,7,7
945,-1.6615376,0.2259,7,7
946,-0.46769893,0.4001,4,4
947,-0.46769893,-1.4976,7,7
948,-0.93656671,1.0587,6,5
949,-0.42436043,0.0899,7,7
950,-0.46769893,1.9115,0,4
951,-1.6615376,-1.021,7,3
952,-1.1926699,0.3157,0,4
953,-0.21159579,2.3422,6,2
954,-0.68046357,-1.1318,4,3
955,-0.68046357,-0.392,6,6
956,-0.25493429,0.8121,6,7
957,-1.1926699,-1.3896,7,6
958,-0.89322821,-0.538,5,5
959,-0.68046357,0.8611,6,2
960,-0.21159579,1.0002,5,5
961,-0.46769893,0.1064,7,7
962,-1.6615376,-0.0469,7,7
963,-0.72380207,-0.9985,5,4
964,-1.1926699,-1.7496,5,5
965,-0.72380207,-0.3472,7,6
966,-1.1926699,-0.4031,4,4
967,-1.1926699,-0.4313,5,6
968,-0.72380207,-1.3896,3,6
969,-0.72380207,0.0138,4,4
970,-1.6615376,1.1458,7,7
971,-1.6615376,0.1649,7,6
972,-0.68046357,-0.0425,7,2
973,-0.21159579,0.1164,5,7
974,-1.6615376,1.4543,6,6
975,-0.16825729,0.1677,4,5
976,-0.72380207,-1.8603,4,7
977,-0.72380207,-0.3341,7,7
978,-0.93656671,0.1393,4,4
979,-0.12491879,-0.2055,2,5
980,-1.1926699,1.3021,6,6
981,-0.93656671,-0.9493,6,7
982,-1.6615376,1.214,7,5
983,-1.1926699,0.5885,7,4
984,-1.6615376,-0.386,3,5
985,-0.46769893,0.2295,5,4
986,-1.6615376,0.8732,6,3
987,-0.93656671,1.9115,6,2
988,-1.1493314,0.6508,5,3
989,-1.1926699,-0.0165,6,4
990,-1.1926699,0.3535,5,3
991,-0.46769893,-0.2666,6,7
992,-0.68046357,-0.3609,6,7
993,-0.68046357,0.0793,7,7
994,-0.72380207,-1.1798,5,7
995,-1.1926699,-0.1529,7,4
996,-1.1926699,0.0385,5,4
997,-0.46769893,0.6754,5,5
998,-0.46769893,-0.4222,4,5
999,-1.6615376,-1.4617,7,1
1000,-0.46769893,-0.7446,6,7
1001,-0.93656671,0.9016,5,5
1002,-1.1926699,1.6537,5,4
1003,-1.6615376,2.3422,7,5
1004,-0.25493429,-0.8402,6,5
1005,-0.72380207,-0.2772,3,7
1006,-1.6615376,-0.592,7,7
1007,-0.72380207,-0.3472,7,3
1008,-0.46769893,-0.1234,5,4
1009,-1.1493314,-0.1763,6,6
1010,-0.42436043,1.2884,5,5
1011,-1.1926699,0.0429,7,6
1012,-0.72380207,-1.038,6,3
1013,-0.68046357,0.8111,5,3
1014,-1.1493314,0.8698,7,2
1015,-0.21159579,0.075,3,2
1016,-0.72380207,-0.6833,4,4
1017,-0.21159579,-0.2897,7,6
1018,0.00116886,-0.0075,6,6
1019,-0.25493429,0.0342,5,7
1020,-0.68046357,-1.3111,3,6
1021,-0.72380207,-1.741,5,6
1022,-1.1926699,0.4758,4,2
1023,-1.6615376,0.6621,2,4
1024,-0.93656671,0.1649,6,5
1025,-0.46769893,-2.092,,5
1026,-0.93656671,0.9945,6,4
1027,-1.1926699,1.2525,6,4
1028,-0.68046357,1.5335,7,5
1029,-0.72380207,-0.2043,5,4
1030,-1.1926699,-0.4881,6,6
1031,-1.4054345,1.3598,7,3
1032,-0.72380207,-0.538,7,2
1033,-0.72380207,-1.1432,5,5
1034,-0.46769893,-0.3116,,
1035,-0.72380207,-1.1289,1,4
1036,-0.42436043,0.0781,4,5
1037,-1.1926699,0.826,4,3
1038,-0.93656671,-1.2465,4,6
1039,-0.46769893,0.2652,3,5
1040,-0.93656671,1.1069,5,4
1041,-0.21159579,-1.2856,6,7
1042,-1.4054345,-1.1726,2,4
1043,-0.68046357,0.2744,6,2
1044,-1.6615376,1.0759,7,4
1045,-0.68046357,0.0057,4,7
1046,-0.25493429,-0.8028,1,4
1047,-1.6615376,-2.0839,,
1048,-1.6615376,-1.2559,6,7
1049,-1.6615376,0.0737,5,2
1050,-0.89322821,-1.6315,4,4
1051,-0.46769893,0.8862,4,4
1052,-1.6615376,1.0868,7,6
1053,-0.21159579,-0.0534,7,5
1054,-0.93656671,0.7602,7,3
1055,-0.72380207,0.553,7,3
1056,-1.1926699,-1.1234,7,7
1057,-1.1926699,0.6742,7,7
1058,-1.1926699,0.5383,7,5
1059,-0.21159579,1.9115,4,3
1060,0.00116886,0.4404,6,1
1061,-0.46769893,0.1124,,2
1062,-1.1926699,-0.4021,6,4
1063,-0.46769893,0.9954,6,6
1064,-1.1926699,0.0727,6,6
1065,-0.72380207,-0.6993,4,4
1066,-0.25493429,-0.6663,7,6
1067,-1.1926699,-0.5515,5,5
1068,-0.68046357,0.1851,5,6
1069,-1.6615376,1.9115,7,5
1070,-1.1493314,1.214,6,4
1071,-1.6615376,0.7959,7,2
1072,-1.1493314,2.3422,6,6
1073,-0.93656671,0.3925,5,4
1074,-0.46769893,0.1649,5,2
1075,-0.72380207,1.1458,7,3
1076,-1.6615376,-1.7761,5,3
1077,-0.46769893,0.6754,6,6
1078,-0.46769893,-0.3203,5,3
1079,-1.1926699,-0.2331,7,6
1080,-0.72380207,0.8603,6,4
1081,-0.68046357,-0.2126,2,7
1082,-0.42436043,-0.96,2,7
1083,-0.72380207,-1.4734,4,6
1084,-0.72380207,-0.6201,4,5
1085,-0.25493429,-0.8133,3,6
1086,-0.21159579,1.1696,6,4
1087,-0.25493429,-1.3896,2,7
1088,-1.1926699,-0.1719,7,5
1089,-0.72380207,1.4464,6,2
1090,-1.1926699,-0.9682,7,5
1091,-1.1926699,-0.3086,6,4
1092,-1.6615376,-1.3039,3,6
1093,-0.21159579,0.8128,4,2
1094,-0.25493429,-1.9966,4,1
1095,-1.1926699,-0.7605,4,4
1096,-0.25493429,-1.2024,3,7
1097,-1.6615376,1.4099,7,7
1098,-0.93656671,-0.8471,3,4
1099,-0.72380207,-0.2528,6,7
1100,-1.1926699,1.3719,7,1
1101,-0.68046357,2.3422,7,5
1102,-0.21159579,0.3121,7,5
1103,-0.93656671,0.4803,7,4
1104,-0.93656671,-0.4378,2,1
1105,-1.1926699,1.9115,7,1
1106,-0.21159579,1.861,5,1
1107,-0.93656671,0.5885,5,4
1108,-0.46769893,0.0391,4,4
1109,-0.21159579,-1.9966,6,4
1110,-1.1926699,-0.3472,7,5
1111,-1.6615376,-0.3472,7,6
1112,-0.46769893,-0.0733,1,6
1113,0.04450736,1.6217,7,6
1114,-0.21159579,0.3121,7,5
1115,-1.1926699,-0.1904,7,
1116,-0.68046357,1.0868,7,6
1117,-0.46769893,0.5298,7,7
1118,-1.1926699,1.3543,7,7
1119,-1.1926699,-1.4159,5,6
1120,-0.21159579,1.0626,5,7
1121,-0.93656671,0.3245,6,3
1122,-0.21159579,1.3021,5,6
1123,-0.68046357,0.2569,5,5
1124,-0.68046357,1.3494,7,6
1125,-1.1926699,-0.1763,5,6
1126,-0.93656671,-0.0851,5,7
1127,-1.6615376,-1.6171,5,7
1128,-0.46769893,-0.6702,3,6
1129,-1.1926699,-0.1837,6,4
1130,-0.25493429,-1.7364,6,7
1131,-0.25493429,-0.484,6,6
1132,-0.72380207,-0.5469,6,5
1133,-1.1926699,-0.3479,7,1
1134,-0.72380207,-0.6634,2,2
1135,-0.72380207,0.1927,7,5
1136,-0.21159579,0.4001,6,2
1137,-0.46769893,0.4761,3,4
1138,-0.46769893,1.1588,6,7
1139,-1.6615376,1.3021,7,7
1140,-1.1926699,0.839,7,3
1141,-0.93656671,1.1458,7,1
1142,-0.46769893,-0.7053,2,4
1143,-1.1926699,0.6692,5,5
1144,-1.1926699,0.1451,6,4
1145,-1.1926699,-0.4088,7,5
1146,-0.25493429,-1.2288,6,6
1147,-0.72380207,-1.6435,4,6
1148,-0.21159579,-0.9438,4,5
1149,-1.1926699,1.1974,4,7
1150,-0.21159579,0.1185,6,1
1151,-0.93656671,1.9115,7,4
1152,-0.21159579,0.6635,7,4
1153,-1.1926699,1.4543,7,6
1154,-0.93656671,0.2703,6,3
1155,-1.1926699,0.4001,6,6
1156,-0.42436043,-1.6853,5,4
1157,-0.72380207,-1.0283,7,7
1158,-1.1926699,1.3226,7,7
1159,-1.6615376,-0.7334,4,7
1160,-0.72380207,-1.1368,6,5
1161,-0.46769893,0.4709,5,6
1162,-0.72380207,-0.5327,7,7
1163,-0.89322821,0.9547,6,7
1164,-1.6615376,-0.1574,6,3
1165,-1.1926699,1.2884,2,2
1166,-0.68046357,-1.5927,6,5
1167,-1.1926699,0.1649,7,4
1168,-0.46769893,1.861,6,3
1169,-1.1926699,-1.741,,3
1170,-1.1926699,-0.4858,7,3
1171,-0.42436043,1.3443,7,4
1172,-0.89322821,-1.0905,6,7
1173,-0.68046357,1.3054,7,4
1174,-0.93656671,-0.6993,5,5
1175,0.00116886,-0.1792,5,7
1176,-0.68046357,-0.432,6,4
1177,-1.6615376,1.6537,7,6
1178,-1.6615376,-1.5644,0,1
1179,-0.93656671,0.6671,5,7
1180,-0.68046357,0.2006,7,4
1181,-0.93656671,-1.3973,4,5
1182,-1.6615376,-0.4203,6,3
1183,-0.25493429,-1.7153,5,4
1184,-1.1926699,0.7601,4,2
1185,-0.42436043,0.3966,4,5
1186,-0.21159579,1.5255,7,4
1187,-1.1926699,0.7933,6,2
1188,0.00116886,-0.4592,6,3
1189,-0.89322821,-0.5263,6,6
1190,-0.21159579,1.2525,5,6
1191,-1.6615376,-2.1089,,
1192,-0.21159579,-0.4915,6,5
1193,-1.1926699,-0.01,6,5
1194,-0.72380207,-0.4811,7,2
1195,-1.1926699,0.4014,6,5
1196,-1.6615376,-0.4196,7,7
1197,-1.6615376,0.4359,7,1
1198,-0.21159579,1.9989,5,1
1199,-0.72380207,-0.5786,5,5
1200,-0.89322821,1.1652,6,7
1201,-1.6615376,0.5907,6,6
1202,-0.25493429,-1.2655,1,0
1203,-1.6615376,1.5255,5,4
1204,-1.1926699,-1.2157,0,4
1205,0.04450736,-1.3497,4,6
1206,-0.25493429,-1.8346,3,7
1207,-0.21159579,-0.1904,6,5
1208,-0.42436043,-1.0813,5,
1209,-1.6615376,-1.7015,6,7
1210,-0.72380207,0.3511,6,
1211,-1.1926699,-0.3879,0,6
1212,-0.21159579,1.9115,4,2
1213,-1.1926699,1.5255,5,3
1214,-1.1926699,0.2794,5,5
1215,-1.6615376,0.828,6,2
1216,-0.72380207,-0.375,7,6
1217,-0.68046357,0.6219,6,4
1218,0.00116886,-0.2939,5,5
1219,-0.72380207,-0.2528,4,3
1220,-1.6615376,-0.6106,7,3
1221,-1.6615376,-0.3041,5,7
1222,-1.6615376,-1.1211,6,1
1223,-0.25493429,-1.6405,4,3
1224,-0.46769893,-0.0066,5,4
1225,-0.68046357,1.4141,6,2
1226,-0.72380207,-0.386,0,6
1227,-1.1926699,-0.7164,3,6
1228,-1.6615376,0.8685,6,7
1229,-0.93656671,-1.0508,4,6
1230,-0.72380207,-1.2559,7,7
1231,-0.72380207,-1.5779,7,6
1232,-0.21159579,0.8721,4,4
1233,-0.46769893,1.3021,7,2
1234,-1.4054345,0.6566,6,5
1235,-0.21159579,-0.2997,5,5
1236,-0.93656671,1.775,5,4
1237,-1.1926699,0.0762,7,3
1238,-1.6615376,1.1674,6,7
1239,0.00116886,-0.3544,5,5
1240,-0.46769893,-0.7223,7,7
1241,-1.6615376,0.5899,7,1
1242,-0.21159579,1.3524,7,3
1243,-0.68046357,1.197,3,1
1244,-0.42436043,0.4513,5,4
1245,-0.25493429,-1.7125,0,5
1246,-0.93656671,-0.5299,6,4
1247,-0.89322821,-1.2238,2,7
1248,-1.1926699,-0.3051,4,2
1249,-1.6615376,-0.8632,6,6
1250,-0.93656671,1.2938,6,4
1251,-0.68046357,1.0382,5,3
1252,-1.6615376,1.1458,6,6
1253,-1.1926699,1.0522,6,1
1254,-0.21159579,0.8712,6,4
1255,-1.1926699,1.5255,7,1
1256,-0.93656671,1.861,7,3
1257,-1.1493314,-0.1823,7,7
1258,-0.89322821,-1.6863,7,7
1259,-0.93656671,0.1393,6,7
1260,-0.72380207,1.0272,4,4
1261,-1.1926699,-0.8041,3,6
1262,-1.1926699,1.5255,7,4
1263,-1.1926699,-0.9905,3,5
1264,-0.93656671,-1.1241,4,4
1265,-0.21159579,-0.8664,4,3
1266,-0.72380207,-0.2719,5,4
1267,-0.46769893,0.2794,5,3
1268,-0.46769893,0.185,7,5
1269,-0.21159579,-0.3505,5,4
1270,-1.6615376,0.2794,7,5
1271,-1.1926699,1.1316,7,4
1272,-0.72380207,-0.5883,5,6
1273,0.00116886,-0.4365,4,6
1274,-0.46769893,-0.2362,4,6
1275,-0.21159579,2.1278,6,3
1276,-0.46769893,1.9989,4,3
1277,-0.72380207,0.0342,6,3
1278,-0.72380207,-0.168,7,4
1279,-1.6615376,1.6983,6,4
1280,-1.1926699,2.3422,7,2
1281,-1.1926699,-0.4536,6,7
1282,-0.93656671,-0.9824,5,7
1283,-0.89322821,-0.0687,6,7
1284,-0.72380207,-0.226,3,7
1285,-0.46769893,-0.4787,5,6
1286,-1.1926699,-0.8654,7,4
1287,-1.1926699,-0.7025,6,6
1288,-1.6615376,-0.0422,7,4
1289,-1.6615376,0.4407,5,7
1290,-0.25493429,-0.6598,7,7
1291,-0.68046357,1.8708,7,3
1292,-0.93656671,0.1649,7,7
1293,-0.68046357,0.5105,7,2
1294,-0.21159579,0.1643,5,3
1295,-0.46769893,-0.7856,7,7
1296,-1.1926699,1.2872,5,2
1297,-0.93656671,0.8935,7,5
1298,-1.6615376,-0.3149,6,3
1299,-1.6615376,-0.3253,7,6
1300,-0.46769893,1.0626,1,4
1301,-0.72380207,-0.8416,6,3
1302,0.00116886,-0.0601,7,7
1303,-0.68046357,-1.7015,3,6
1304,-1.1926699,0.1376,7,4
1305,-0.46769893,-0.9349,6,4
1306,-1.6615376,0.5565,7,4
1307,-0.93656671,0.143,5,7
1308,-0.42436043,0.5457,5,6
1309,-1.1926699,-0.3153,7,7
1310,-1.1926699,0.2707,7,6
1311,-0.72380207,-0.756,5,6
1312,-0.68046357,1.1525,7,2
1313,0.04450736,-0.561,2,3
1314,-1.6615376,-1.5319,6,3
1315,-1.6615376,-0.6046,7,5
1316,-1.1926699,0.4001,6,5
1317,-1.4054345,1.214,7,6
1318,-1.4054345,-0.5699,3,5
1319,-1.1926699,1.3021,5,3
1320,-0.93656671,1.6378,7,4
1321,-1.6615376,-0.2603,7,3
1322,-0.72380207,0.1964,4,7
1323,-0.21159579,1.4154,3,2
1324,-1.6615376,0.0283,6,7
1325,-1.6615376,-0.7121,7,7
1326,-0.46769893,1.5301,7,6
1327,-0.46769893,-0.757,3,
1328,-1.6615376,-0.9347,7,5
1329,-0.46769893,-0.1281,3,5
1330,-0.46769893,-1.6429,6,5
1331,-0.46769893,-0.6433,4,5
1332,-0.72380207,0.4001,5,3
1333,-1.6615376,-0.0165,7,6
1334,0.00116886,-0.6658,6,6
1335,-1.1926699,1.214,7,6
1336,-0.72380207,0.9902,5,6
1337,-1.6615376,0.502,6,3
1338,-0.93656671,0.2006,5,5
1339,-1.1926699,-1.0641,5,6
1340,-0.68046357,1.0096,7,7
1341,-1.6615376,-0.1895,7,7
1342,-0.46769893,1.1982,4,3
1343,-1.1926699,-0.9312,5,6
1344,-0.68046357,0.8111,4,7
1345,-1.1926699,0.8111,6,2
1346,-0.46769893,-0.0476,2,4
1347,-0.72380207,-0.8399,7,6
1348,-0.46769893,-0.9292,5,7
1349,-0.93656671,-0.5015,3,5
1350,-0.25493429,0.2031,7,7
1351,-0.21159579,1.2872,5,2
1352,-1.1926699,0.1032,7,7
1353,-1.6615376,0.8548,6,6
1354,-0.46769893,-0.9485,4,6
1355,-0.72380207,-0.6164,4,6
1356,-0.93656671,0.0988,6,4
1357,-0.72380207,-1.1971,4,7
1358,-1.1926699,-0.6106,1,2
1359,-0.72380207,1.6983,6,4
1360,-1.1926699,-0.8471,4,2
1361,-0.68046357,-1.1543,2,5
1362,-1.1926699,0.4779,7,6
1363,-1.6615376,-0.4748,5,4
1364,-0.21159579,0.6402,7,4
1365,-0.72380207,-1.8515,3,7
1366,-0.72380207,-1.0227,2,2
1367,0.00116886,-0.6802,3,2
1368,-0.21159579,-0.4229,5,5
1369,-0.93656671,-0.4471,7,6
1370,-1.1926699,-0.7085,7,7
1371,0.00116886,-1.2743,7,7
1372,-1.1926699,1.2371,7,5
1373,-1.6615376,0.3622,7,6
1374,-0.21159579,0.9159,7,5
1375,-0.42436043,-1.2717,7,3
1376,-0.46769893,0.9193,4,7
1377,-0.68046357,1.861,7,5
1378,-0.46769893,-0.6498,5,4
1379,-0.46769893,-0.3974,6,6
1380,-0.68046357,0.4343,7,7
1381,-1.1926699,0.2794,4,6
1382,-0.68046357,-1.4438,3,7
1383,-1.1926699,1.3252,5,3
1384,-0.93656671,-0.6029,4,7
1385,-0.72380207,-0.8724,2,5
1386,-1.6615376,-0.0261,6,5
1387,0.04450736,1.337,4,6
1388,-0.93656671,1.0671,6,5
1389,-1.4054345,1.861,6,7
1390,-1.6615376,-0.0837,7,7
1391,-0.21159579,-1.0811,3,4
1392,-1.6615376,1.5335,4,3
1393,0.00116886,-1.4237,7,7
1394,-0.68046357,1.3524,7,4
1395,-0.68046357,0.2488,5,4
1396,-0.12491879,-1.3195,2,6
1397,-0.21159579,0.756,7,4
1398,-1.1926699,1.6136,7,5
1399,-0.46769893,-0.8363,5,5
1400,-0.42436043,0.5885,7,2
1401,-0.21159579,0.6618,6,5
1402,-1.6615376,0.3286,6,4
1403,-0.72380207,0.5457,6,5
1404,-1.1926699,-0.0031,7,3
1405,-1.1493314,0.4001,5,5
1406,-0.72380207,-0.5056,4,5
1407,-1.6615376,0.4739,7,5
1408,-1.1926699,0.1966,6,3
1409,-0.72380207,-0.5086,6,5
1410,-0.72380207,-1.569,3,7
1411,-1.1926699,1.2872,7,1
1412,-1.1926699,-0.5912,3,5
1413,-0.46769893,0.2233,6,7
1414,-0.46769893,1.861,7,2
1415,-0.21159579,1.0163,7,3
1416,-0.93656671,-0.8133,6,7
1417,-1.6615376,1.4543,6,5
1418,-1.1926699,1.6983,6,6
1419,-0.72380207,0.1155,1,1
1420,-0.46769893,1.2522,3,4
1421,-0.72380207,-0.4378,3,5
1422,-0.93656671,1.0914,7,5
1423,-1.6615376,-0.1912,5,7
1424,-1.1926699,1.3524,7,2
1425,-0.21159579,0.3621,5,6
1426,-0.46769893,-0.0113,4,4
1427,-1.1926699,0.9159,5,3
1428,0.00116886,-0.3979,6,4
1429,-1.1926699,-0.5686,2,7
1430,-0.68046357,-0.258,6,6
1431,-0.68046357,-0.4695,5,2
1432,-0.93656671,-0.1042,3,7
1433,-1.6615376,0.6754,6,4
1434,-0.42436043,-0.8188,3,4
1435,-0.93656671,-0.2577,7,7
1436,-0.46769893,0.075,5,7
1437,-1.6615376,1.2346,7,5
1438,-0.21159579,-0.5461,6,5
1439,-1.6615376,-0.3908,6,5
1440,0.04450736,-0.6724,3,6
1441,0.00116886,-0.6804,6,4
1442,-1.1926699,0.2707,4,4
1443,-0.25493429,-1.1706,3,7
1444,-0.68046357,1.861,5,2
1445,-1.6615376,-0.4908,5,6
1446,-1.1926699,0.0511,6,7
1447,-0.93656671,-0.1946,7,5
1448,-0.72380207,-0.384,6,7
1449,-0.46769893,-0.1929,5,5
1450,-0.42436043,-0.8014,1,4
1451,-0.25493429,-0.2557,2,5
1452,-0.25493429,-0.8441,4,5
1453,-0.89322821,-1.8518,5,7
1454,-0.93656671,0.306,4,3
1455,-1.1926699,2.3422,6,3
1456,-0.21159579,0.5124,4,3
1457,-1.6615376,-1.2189,5,2
1458,-1.1926699,0.2793,7,7
1459,-1.1926699,-0.2414,6,5
1460,-0.46769893,-0.0662,5,7
1461,-1.6615376,-0.1256,7,6
1462,-1.1926699,1.0605,6,3
1463,-0.93656671,-0.1281,5,3
1464,-0.42436043,-1.0943,4,3
1465,0.04450736,-1.5727,3,5
1466,-0.46769893,0.9463,7,4
1467,-1.1926699,-0.1718,6,5
1468,-1.1926699,-0.0163,6,4
1469,-0.68046357,0.2006,5,3
1470,-0.72380207,-0.2426,4,5
1471,-0.93656671,-0.7309,6,7
1472,-0.72380207,-0.917,5,4
1473,-1.1493314,1.6331,7,4
1474,-0.72380207,-0.8306,2,7
1475,-0.93656671,-1.2667,3,5
1476,-0.46769893,-1.0959,5,0
1477,-0.72380207,1.9115,5,4
1478,-0.21159579,-0.3886,4,7
1479,-0.89322821,-1.0565,3,6
1480,-1.6615376,1.6983,7,5
1481,-0.21159579,-0.1417,5,2
1482,-0.21159579,0.0849,5,4
1483,0.00116886,-1.1328,5,6
1484,-0.72380207,-0.8843,5,7
1485,-0.68046357,0.6618,6,2
1486,-1.1926699,0.2741,7,1
1487,-1.1493314,1.1849,7,5
1488,-0.72380207,-0.5387,5,5
1489,-1.1926699,0.3615,6,5
1490,0.00116886,0.2769,6,3
1491,-1.6615376,1.214,7,6
1492,-1.1926699,0.1345,7,
1493,-1.1926699,1.3021,6,4
1494,-0.72380207,0.4001,7,6
1495,0.04450736,0.1124,5,4
1496,-1.6615376,-1.693,6,6
1497,-0.42436043,-0.4604,5,6
1498,-1.6615376,-0.6912,7,5
1499,-1.6615376,0.4001,4,4
1500,-0.46769893,-0.4035,6,4
1501,-1.1926699,-0.13,6,4
1502,-0.68046357,1.3054,6,2
1503,-0.72380207,-0.4476,4,3
1504,-0.68046357,-0.1477,6,5
1505,-0.21159579,-1.8603,1,3
1506,-0.72380207,0.2754,5,4
1507,-0.72380207,-0.1564,5,3
1508,-1.1926699,1.1784,5,4
1509,-1.1926699,-0.4251,7,5
1510,-1.6615376,1.423,5,4
1511,-0.46769893,-0.1867,6,
1512,-0.25493429,-1.7126,2,6
1513,-1.1926699,-0.0845,7,4
1514,-0.25493429,-0.8315,4,6
1515,-0.42436043,2.3422,6,2
1516,-0.21159579,1.1513,5,4
1517,-1.1926699,-0.9592,6,6
1518,-0.72380207,-0.2629,7,5
1519,-0.21159579,0.5483,7,4
1520,-1.1926699,-0.3531,3,7
1521,-1.4054345,-0.2744,4,4
1522,-1.6615376,0.8111,5,2
1523,-0.25493429,-0.8513,1,7
1524,-1.6615376,0.4149,,3
1525,-1.1926699,-0.0469,5,4
1526,-0.21159579,-0.2772,7,6
1527,-0.21159579,-0.1904,6,7
1528,0.04450736,1.5255,3,2
1529,-0.25493429,-0.9824,6,0
1530,-0.68046357,0.2829,4,4
1531,-0.46769893,-1.7565,5,2
1532,-1.1926699,-0.9292,4,7
1533,-1.6615376,0.4803,7,7
1534,-1.1926699,1.423,7,4
1535,-1.6615376,0.364,6,6
1536,-0.16825729,1.2203,6,5
1537,-0.68046357,0.3168,7,3
1538,-0.46769893,-1.021,6,7
1539,-1.1926699,0.1643,7,5
1540,-1.6615376,1.4475,7,7
1541,-0.93656671,1.1069,6,4
1542,-1.6615376,0.0316,7,7
1543,-0.72380207,-0.412,5,4
1544,-1.1926699,-1.2801,4,3
1545,-0.68046357,-0.8402,7,7
1546,-1.1926699,0.2488,6,3
1547,-0.46769893,-0.5951,7,7
1548,-1.1926699,1.1274,4,3
1549,-0.72380207,-0.3609,5,5
1550,-0.21159579,0.3925,2,1
1551,-0.25493429,-0.6821,6,6
1552,-1.6615376,-0.1061,7,3
1553,-0.21159579,0.1612,6,4
1554,-0.93656671,-0.5515,7,6
1555,-1.6615376,-1.9966,2,6
1556,-0.72380207,-1.1706,1,2
1557,-1.6615376,0.684,7,3
1558,-1.1926699,-0.205,4,3
1559,-1.6615376,1.489,7,7
1560,-1.1926699,-0.5384,7,7
1561,-0.46769893,-1.0739,6,7
1562,-0.68046357,1.861,5,3
1563,-1.1926699,2.3422,7,2
1564,0.00116886,-0.8527,4,6
1565,-0.72380207,-1.2965,3,7
1566,-0.72380207,0.0417,6,7
1567,-0.68046357,-0.3558,7,7
1568,-1.6615376,0.8548,7,6
1569,-0.93656671,0.2031,5,6
1570,0.00116886,0.2408,5,5
1571,-0.21159579,2.3422,4,5
1572,-1.6615376,1.0612,7,7
1573,-1.6615376,1.9115,6,3
1574,-1.1493314,0.489,7,7
1575,-1.1926699,1.3093,6,5
1576,-0.46769893,-0.8662,6,3
1577,-1.1926699,1.5947,5,4
1578,-0.93656671,-0.2263,4,2
1579,-1.6615376,0.564,7,7
1580,-0.72380207,0.4428,3,4
1581,-1.6615376,1.1458,7,2
1582,0.00116886,-0.5764,4,6
1583,-1.1926699,-0.2263,7,2
1584,0.00116886,0.421,1,4
1585,-0.89322821,0.3332,5,2
1586,-1.1926699,-0.9969,6,3
1587,-0.46769893,-0.7976,4,6
1588,-1.1493314,-0.6178,4,6
1589,-0.21159579,0.0173,3,5
1590,-0.21159579,-0.428,7,7
1591,-0.46769893,-0.4394,6,5
1592,-0.72380207,-0.7797,3,7
1593,-1.6615376,2.3422,7,7
1594,-1.6615376,-0.22,7,6
1595,-0.72380207,0.9082,5,6
1596,-0.21159579,0.8935,7,2
1597,-1.1926699,-0.0623,3,2
1598,-0.21159579,1.5947,4,3
1599,-0.21159579,0.1507,4,4
1600,-0.46769893,-1.4033,4,4
1601,-0.72380207,0.3511,7,5
1602,-0.21159579,-0.1961,6,5
1603,-0.21159579,0.8111,7,4
1604,0.00116886,0.4004,5,6
1605,-0.72380207,-0.5086,5,2
1606,-1.6615376,0.7281,7,5
1607,-0.46769893,-1.6853,7,3
1608,-0.46769893,0.0161,5,4
1609,-1.1926699,1.3021,7,7
1610,-0.21159579,0.1097,4,5
1611,-0.72380207,0.1038,3,
1612,-1.1926699,-0.2843,5,7
1613,-1.6615376,-0.2535,7,6
1614,-0.46769893,-0.6326,4,6
1615,-1.1926699,1.6199,6,2
1616,-0.93656671,1.4154,6,1
1617,-0.46769893,0.3163,2,4
1618,-0.42436043,-0.9447,3,7
1619,-1.1926699,-0.0399,5,5
1620,-0.93656671,0.9472,6,3
1621,-0.72380207,-0.5226,5,4
1622,-1.6615376,1.1329,7,6
1623,-0.46769893,0.0083,7,7
1624,0.00116886,-0.0845,2,5
1625,-1.6615376,-0.5314,0,7
1626,-1.6615376,-0.1242,7,4
1627,-1.1926699,0.8111,5,0
1628,-0.46769893,-1.0283,4,6
1629,-0.46769893,-0.2787,0,5
1630,-0.46769893,-1.2584,7,7
1631,-0.72380207,-1.6588,4,7
1632,-0.46769893,-0.9046,1,3
1633,-0.25493429,-0.3665,5,4
1634,-1.6615376,-1.9108,7,7
1635,-0.46769893,1.1458,7,3
1636,-0.46769893,1.1436,6,2
1637,-1.1926699,-0.4189,7,6
1638,-0.72380207,-1.6024,0,1
1639,-1.6615376,0.4954,6,5
1640,-0.25493429,-0.7323,5,5
1641,-0.21159579,-0.7956,7,5
1642,-1.6615376,1.9931,7,3
1643,-0.72380207,-1.5144,4,6
1644,-1.6615376,0.4511,7,7
1645,-0.21159579,1.0174,2,1
1646,0.00116886,-0.9691,3,4
1647,-0.21159579,0.2346,6,3
1648,-0.72380207,-0.9436,3,6
1649,-1.1926699,0.4001,5,3
1650,-0.72380207,-0.5764,4,6
1651,-0.89322821,-0.2324,5,5
1652,-0.72380207,-0.3946,5,4
1653,-0.93656671,0.2006,7,5
1654,-1.1926699,1.5255,6,2
1655,-0.25493429,-0.7271,4,7
1656,-0.16825729,-1.9966,4,3
1657,-0.68046357,-0.1732,6,6
1658,-0.46769893,0.5565,6,2
1659,-0.72380207,0.1649,7,7
1660,-1.1926699,-2.1876,,2
1661,-1.1926699,0.4437,7,6
1662,-1.6615376,-0.0664,6,5
1663,0.00116886,-0.7256,7,6
1664,-0.89322821,0.5885,4,5
1665,-1.1926699,-0.7386,7,5
1666,-0.42436043,-0.4904,1,4
1667,-0.21159579,-0.2485,6,5
1668,0.04450736,2.3422,1,1
1669,-0.68046357,0.7578,6,5
1670,-1.1926699,0.1571,5,6
1671,0.00116886,-1.021,5,6
1672,-0.93656671,0.2259,4,5
1673,-0.72380207,1.805,6,5
1674,-0.42436043,-1.7413,7,7
1675,-0.68046357,1.0663,4,4
1676,-1.1926699,0.5457,7,1
1677,-0.21159579,-0.267,6,6
1678,-1.1926699,0.5899,5,3
1679,-1.1926699,0.0243,4,5
1680,-1.6615376,1.3524,6,3
1681,-1.1926699,-0.2841,7,5
1682,-0.46769893,0.3925,6,1
1683,-1.6615376,0.2368,7,6
1684,-0.72380207,-0.3974,7,6
1685,-0.46769893,-0.2367,6,3
1686,-1.6615376,-0.4248,7,6
1687,-1.6615376,0.9354,6,2
1688,-1.1926699,0.9476,3,7
1689,-1.6615376,-1.1745,3,4
1690,-0.72380207,-0.543,6,4
1691,-1.1926699,-0.9547,4,7
1692,-0.21159579,0.1935,5,4
1693,-1.1493314,-0.3189,7,5
1694,-0.93656671,0.2818,6,5
1695,-0.46769893,-1.117,5,7
1696,-1.6615376,0.0204,7,1
1697,-0.93656671,-1.1048,7,6
1698,-0.93656671,0.5661,7,7
1699,-0.42436043,0.3962,7,6
1700,-1.4054345,-0.0476,4,4
1701,-0.93656671,1.3858,6,6
1702,0.00116886,0.0075,3,7
1703,-0.25493429,-1.8715,3,3
1704,-0.46769893,0.9476,4,4
1705,-0.25493429,-0.9006,6,6
1706,-0.21159579,-0.0425,7,3
1707,-1.6615376,-2.4604,,5
1708,-0.46769893,0.9159,6,7
1709,-0.72380207,-1.3522,7,3
1710,-1.1926699,0.1649,7,7
1711,-1.1926699,-1.8568,4,3
1712,-0.72380207,-1.0348,3,6
1713,-1.1493314,-0.526,7,7
1714,-0.72380207,0.3757,5,3
1715,-1.1926699,-0.6806,6,3
1716,-0.25493429,-0.2708,6,6
1717,-1.1926699,0.8254,5,6
1718,-0.72380207,-0.967,3,2
1719,-0.72380207,0.2247,4,4
1720,-0.46769893,-0.2361,7,7
1721,-1.6615376,1.4257,7,3
1722,-0.93656671,-0.6038,6,7
1723,-1.1493314,2.3422,5,4
1724,-1.6615376,-0.158,4,4
1725,-0.12491879,-0.4469,5,5
1726,-0.68046357,1.775,4,6
1727,-1.1926699,0.1279,7,7
1728,-1.1926699,-0.8952,4,5
1729,-1.1926699,-0.3611,7,3
1730,-1.6615376,1.4154,7,4
1731,-0.93656671,0.2355,4,3
1732,-1.6615376,0.1016,7,5
1733,-0.72380207,0.6897,7,3
1734,-0.93656671,0.4975,7,5
1735,-1.1926699,-0.0313,6,4
1736,-0.72380207,-0.4316,6,7
1737,-0.93656671,0.075,6,3
1738,-0.46769893,-1.3195,4,3
1739,-1.6615376,0.9723,7,3
1740,-1.1926699,-0.1351,6,7
1741,-0.25493429,-0.6692,4,3
1742,-0.72380207,-1.1289,3,7
1743,-1.1493314,-0.5912,7,4
1744,-1.1926699,-0.7606,6,7
1745,-1.1926699,-0.2574,6,3
1746,-0.68046357,0.8732,5,3
1747,0.00116886,-0.7115,4,7
1748,-0.93656671,-0.9292,4,4
1749,-0.93656671,2.3422,5,2
1750,-0.72380207,0.0811,7,7
1751,-1.1926699,0.6857,5,7
1752,-1.6615376,-1.693,7,5
1753,-0.46769893,0.3257,6,4
1754,-1.1926699,-0.8488,7,2
1755,-0.46769893,-0.946,6,7
1756,-0.72380207,-0.2939,5,5
1757,-1.1926699,-0.5068,5,2
1758,-0.68046357,0.9714,7,2
1759,-0.21159579,-0.4109,6,4
1760,-0.72380207,1.1458,4,2
1761,-1.6615376,-0.3454,6,7
1762,-0.46769893,-0.9998,4,4
1763,-0.72380207,-0.3879,7,7
1764,-0.46769893,1.3021,7,1
1765,-0.46769893,-0.6045,4,2
1766,-0.46769893,0.309,5,6
1767,-1.1926699,0.4439,4,6
1768,-0.21159579,1.2884,5,1
1769,-0.42436043,0.1612,4,4
1770,,-0.4329,4,5
1771,,-0.1668,2,6
1772,,-0.3879,4,4
1773,,-1.3609,7,7
1774,,-0.7613,3,7
1775,,-0.1271,0,6
1776,,0.1308,6,5
1777,,-0.3815,6,6
1778,,-0.445,7,4
1779,,-0.9669,,
1780,,-0.8823,0,3
1781,,-0.3158,5,3
1782,,-0.2798,4,5
1783,,-0.2818,5,6
1784,,-1.2317,7,6
1785,,0.2006,5,4
1786,,-0.4899,3,6
1787,,-0.3835,3,3
1788,,-0.71,4,5
1789,,-1.0167,7,7
1790,,-0.953,1,0
1791,,-0.6859,7,6
1792,,-0.7286,2,6
1793,,-0.6019,2,3
1794,,-1.1577,3,3
1795,,1.9115,6,2
1796,,-1.4573,3,6
1797,,-1.2176,3,0
1798,,-0.3132,6,4
1799,,0.9986,4,3
1800,,-0.1987,5,7
1801,,-0.8614,4,4
1802,,0.9406,6,5
1803,,-1.5144,4,4
1804,,-2.0514,3,5
1805,,-0.1763,3,7
1806,,-0.357,2,4
1807,,-1.4288,7,7
1808,,-1.1508,3,6
1809,,1.1784,3,7
1810,,-1.7413,2,6
1811,,-1.3011,2,7
1812,,-1.7071,3,2
1813,,-0.6717,5,7
1814,,-1.4856,6,7
1815,,-0.2286,3,4
1816,,-1.0796,5,6
1817,,-1.5081,3,7
1818,,-1.2117,,7
1819,,-0.8582,5,6
1820,,-0.0088,7,7
1821,,-0.6488,2,5
1822,,-0.4129,3,4
1823,,0.2931,5,4
1824,,0.3511,7,4
1825,,-1.0099,4,5
1826,,-1.1253,5,4
1827,,-0.0573,6,6
1828,,1.861,2,1
1829,,-1.3667,2,3
1830,,-0.1709,3,7
1831,,-0.5028,4,7
1832,,-1.9269,6,7
1833,,-0.2171,6,5
1834,,0.0382,4,6
1835,,-2.1089,5,3
1836,,-0.8498,5,3
1837,,0.4001,5,7
1838,,-2.1876,5,5
1839,,-0.17,5,4
1840,,-0.3108,2,7
1841,,0.2488,3,4
1842,,0.2031,3,5
1843,,-0.3676,6,6
1844,,-0.0399,5,4
1845,,0.4312,6,3
1846,,-0.5262,3,5
1847,,-0.1955,7,7
1848,,-1.2703,3,3
1849,,-1.0156,4,6
1850,,-1.2097,3,5
1851,,-1.3593,5,4
1852,,-1.771,3,0
1853,,-1.2327,3,5
1854,,-2.4604,,5
1855,,0.3484,3,5
1856,,-0.4503,4,6
1857,,0.0623,5,7
1858,,-0.4915,7,5
1859,,0.4707,4,6
1860,,-1.0131,0,7
1861,,-1.2441,6,7
1862,,-0.384,7,7
1863,,-2.1497,5,5
1864,,0.8548,0,7
1865,,-1.0719,3,
1866,,-0.8823,6,5
1867,,-0.4239,3,6
1868,,-0.5131,2,6
1869,,-1.0635,5,1
1870,,-1.4856,7,0
1871,,-0.561,7,7
1872,,-1.449,3,3
1873,,-0.357,5,4
1874,,-0.8402,7,7
1875,,-0.9165,3,7
1876,,-1.1774,4,2
1877,,1.9115,0,4
1878,,-0.458,3,4
1879,,-0.7824,0,0
1880,,-1.2866,3,1
1881,,-1.0377,4,6
1882,,0.5885,6,5
1883,,-0.4811,4,4
1884,,-1.1289,5,5
1885,,-1.6097,4,7
1886,,-0.9436,7,6
1887,,0.0173,2,4
1888,,-2.2457,1,1
1889,,-0.3086,0,4
1890,,0.4779,3,5
1891,,-0.9218,3,7
1892,,-0.8489,5,3
1893,,-0.915,6,2
1894,,1.0823,7,6
1895,,-1.6226,7,4
1896,,-0.4133,3,3
1897,,-0.8228,5,5
1898,,-0.321,,
1899,,-0.7912,4,7
1900,,-0.6479,3,4
1901,,-1.9279,3,6
1902,,-0.01,3,5
1903,,-0.6685,1,6
1904,,-0.3672,2,6
1905,,-1.1469,3,4
1906,,-0.8336,1,3
1907,,-0.4652,5,4
1908,,-0.9063,5,7
1909,,-0.7467,0,7
1910,,-0.7651,4,6
1911,,-0.1219,3,2
1912,,-0.5103,5,3
1913,,0.6259,5,7
1914,,-0.7249,3,4
1915,,0.7323,4,5
1916,,-0.5883,3,5
1917,,-0.8498,4,3
1918,,-0.6111,6,6
1919,,-1.5877,2,4
1920,,-0.3571,4,3
1921,,-1.132,5,6
1922,,-0.3203,3,3
1923,,-0.3726,7,7
1924,,-0.5128,,4
1925,,-1.2441,0,0
1926,,0.3482,2,5
1927,,-0.9853,7,7
1928,,-0.8959,1,7
1929,,-0.1351,4,7
1930,,-0.226,6,5
1931,,-0.4268,6,7
1932,,-1.1507,4,6
1933,,1.9115,1,3
1934,,0.4779,4,4
1935,,-0.4351,4,3
1936,,-0.7866,7,4
1937,,-0.8878,3,7
1938,,-1.9966,5,7
1939,,0.2829,6,3
1940,,-1.0047,3,4
1941,,0.8732,1,5
1942,,-0.4577,3,4
1943,,-0.4525,4,6
1944,,-0.2719,3,4
1945,,1.1255,5,5
1946,,-0.2207,1,7
1947,,-0.8853,5,7
1948,,-1.4168,4,3
1949,,-1.9181,7,5
1950,,-0.5295,7,6
1951,,-1.6258,4,3
1952,,-0.8472,6,6
1953,,0.3126,2,4
1954,,2.3422,3,3
1955,,0.6454,7,7
1956,,0.8111,1,4
1957,,-1.1169,,
1958,,-1.2874,5,4
1959,,-1.3585,5,7
1960,,-0.3705,1,7
1961,,-0.386,1,0
1962,,0.0204,3,5
1963,,-1.0806,7,7
1964,,-0.9238,3,3
1965,,-1.6247,5,7
1966,,-0.1929,5,4
1967,,-0.7911,5,7
1968,,-1.118,6,7
1969,,-0.9315,1,0
1970,,-0.0802,6,7
1971,,-0.502,3,4
1972,,-0.9153,6,6
1973,,-0.6985,5,7
1974,,0.0161,6,3
1975,,-0.4641,5,2
1976,,1.6983,7,0
1977,,-1.3413,2,2
1978,,-0.0845,3,0
1979,,1.3524,2,3
1980,,-0.4384,7,7
1981,,-0.5633,2,6
1982,,-1.0572,5,7
1983,,-1.2339,6,4
1984,,-0.9666,4,4
1985,,-0.8756,3,4
1986,,0.1649,7,4
1987,,-1.171,3,5
1988,,-0.7486,5,4
1989,,-0.5646,1,3
1990,,-1.5518,3,7
1991,,-0.481,3,2
1992,,-0.6161,3,3
1993,,-0.9841,7,7
1994,,-1.581,3,3
1995,,-1.4015,3,2
1996,,-0.4476,7,7
1997,,-1.2981,7,7
1998,,-2.4604,,7
1999,,-1.2965,6,6
2000,,-1.0568,7,5
